{"morteza": {"histogram": [0.0, 0.0, 0.0, 0.0, 0.0, 0.0, 0.0, 0.0, 0.0, 0.0, 0.0, 0.0, 0.0, 0.0, 0.0, 0.0, 0.0, 0.0, 0.0, 0.0, 5.0, 20.0, 44.0, 83.0, 129.0, 155.0, 169.0, 228.0, 259.0, 286.0, 358.0, 391.0, 437.0, 485.0, 457.0, 466.0, 458.0, 432.0, 433.0, 473.0, 505.0, 437.0, 390.0, 360.0, 352.0, 336.0, 325.0, 336.0, 301.0, 287.0, 298.0, 267.0, 280.0, 336.0, 331.0, 313.0, 322.0, 288.0, 312.0, 296.0, 273.0, 290.0, 260.0, 290.0, 305.0, 292.0, 302.0, 295.0, 266.0, 246.0, 254.0, 243.0, 260.0, 263.0, 244.0, 260.0, 236.0, 275.0, 252.0, 226.0, 247.0, 254.0, 249.0, 265.0, 279.0, 252.0, 269.0, 266.0, 273.0, 297.0, 300.0, 298.0, 264.0, 250.0, 279.0, 278.0, 268.0, 287.0, 271.0, 243.0, 244.0, 245.0, 245.0, 239.0, 226.0, 254.0, 232.0, 205.0, 208.0, 222.0, 189.0, 201.0, 210.0, 219.0, 219.0, 217.0, 186.0, 232.0, 218.0, 229.0, 221.0, 218.0, 228.0, 240.0, 226.0, 255.0, 270.0, 258.0, 272.0, 273.0, 287.0, 286.0, 300.0, 315.0, 362.0, 375.0, 397.0, 359.0, 320.0, 300.0, 282.0, 328.0, 302.0, 282.0, 308.0, 308.0, 219.0, 195.0, 227.0, 192.0, 190.0, 211.0, 240.0, 222.0, 205.0, 194.0, 188.0, 146.0, 149.0, 161.0, 181.0, 200.0, 213.0, 225.0, 195.0, 172.0, 130.0, 87.0, 83.0, 71.0, 72.0, 77.0, 72.0, 32.0, 32.0, 31.0, 23.0, 23.0, 23.0, 26.0, 19.0, 16.0, 7.0, 10.0, 10.0, 7.0, 4.0, 6.0, 3.0, 4.0, 9.0, 3.0, 1.0, 2.0, 1.0, 0.0, 0.0, 1.0, 2.0, 2.0, 2.0, 1.0, 0.0, 1.0, 1.0, 2.0, 0.0, 0.0, 0.0, 1.0, 1.0, 1.0, 0.0, 2.0, 0.0, 0.0, 0.0, 0.0, 1.0, 0.0, 0.0, 0.0, 0.0, 0.0, 0.0, 0.0, 0.0, 0.0, 0.0, 0.0, 0.0, 0.0, 0.0, 0.0, 0.0, 0.0, 0.0, 0.0, 0.0, 0.0, 0.0, 0.0, 0.0, 0.0, 0.0, 0.0, 0.0, 0.0, 0.0, 0.0, 0.0, 0.0, 0.0, 0.0, 0.0, 0.0], "mean_intensity": 90.638825, "std_intensity": 42.629431471922956, "face_area": 40000, "edge_density": 10.3275, "symmetry_score": 147.34995, "local_binary_pattern": [1059, 14, 149, 146, 26, 1, 135, 430, 191, 121, 17, 667, 11, 3, 20, 2202, 209, 5, 12, 9, 132, 1, 690, 2281, 68, 17, 1, 32, 17, 9, 23, 1697, 26, 1, 7, 3, 6, 0, 11, 6, 139, 254, 29, 1582, 10, 3, 26, 978, 16, 0, 2, 1, 5, 0, 38, 20, 21, 8, 0, 22, 12, 4, 34, 462, 142, 8, 47, 19, 10, 1, 13, 12, 13, 14, 2, 24, 0, 1, 0, 23, 16, 0, 0, 0, 19, 0, 35, 17, 1, 2, 1, 0, 0, 1, 2, 19, 143, 9, 16, 4, 15, 0, 10, 11, 607, 1371, 27, 896, 32, 16, 29, 393, 22, 1, 0, 1, 32, 0, 25, 14, 35, 14, 1, 13, 23, 23, 32, 213, 17, 1, 8, 8, 2, 0, 2, 7, 3, 9, 0, 33, 1, 0, 0, 20, 137, 7, 13, 31, 224, 1, 1138, 957, 20, 9, 1, 33, 11, 5, 15, 449, 2, 0, 1, 0, 0, 0, 0, 0, 4, 3, 1, 24, 0, 0, 0, 13, 3, 0, 0, 0, 5, 0, 13, 10, 9, 6, 0, 11, 9, 14, 15, 307, 108, 10, 9, 9, 3, 1, 7, 9, 15, 20, 0, 20, 1, 0, 1, 11, 608, 39, 21, 22, 1289, 22, 755, 408, 33, 24, 2, 38, 9, 14, 18, 229, 379, 8, 10, 14, 7, 0, 9, 9, 1848, 809, 17, 420, 17, 15, 13, 316, 3037, 26, 15, 17, 1036, 11, 345, 299, 2070, 391, 20, 247, 423, 311, 202, 1701], "gabor_features": 75.882975, "facial_landmarks": 90.638825, "texture_features": [1849.0, 250.0, 1.0, 0.0, 0.0, 0.0, 0.0, 0.0, 258.0, 10545.0, 469.0, 12.0, 0.0, 0.0, 0.0, 0.0, 0.0, 519.0, 7295.0, 603.0, 3.0, 0.0, 0.0, 0.0, 0.0, 8.0, 617.0, 6217.0, 558.0, 0.0, 0.0, 0.0, 0.0, 0.0, 15.0, 563.0, 7602.0, 174.0, 0.0, 0.0, 0.0, 0.0, 0.0, 2.0, 183.0, 1827.0, 9.0, 0.0, 0.0, 0.0, 0.0, 0.0, 4.0, 5.0, 13.0, 0.0, 0.0, 0.0, 0.0, 0.0, 0.0, 0.0, 0.0, 0.0]}, "aallw": {"histogram": [0.0, 0.0, 0.0, 0.0, 0.0, 0.0, 0.0, 0.0, 0.0, 0.0, 0.0, 0.0, 0.0, 0.0, 0.0, 0.0, 0.0, 0.0, 0.0, 0.0, 0.0, 0.0, 0.0, 0.0, 0.0, 0.0, 0.0, 0.0, 0.0, 0.0, 0.0, 0.0, 0.0, 0.0, 1.0, 3.0, 12.0, 9.0, 16.0, 39.0, 25.0, 6.0, 18.0, 43.0, 68.0, 71.0, 96.0, 107.0, 131.0, 97.0, 77.0, 76.0, 81.0, 93.0, 79.0, 78.0, 87.0, 73.0, 98.0, 102.0, 107.0, 119.0, 153.0, 162.0, 202.0, 188.0, 227.0, 222.0, 256.0, 288.0, 300.0, 315.0, 308.0, 313.0, 304.0, 314.0, 309.0, 399.0, 386.0, 418.0, 435.0, 421.0, 499.0, 563.0, 564.0, 603.0, 650.0, 647.0, 694.0, 727.0, 809.0, 929.0, 1071.0, 1138.0, 1224.0, 1335.0, 1348.0, 1477.0, 1535.0, 1540.0, 1225.0, 1143.0, 1020.0, 761.0, 603.0, 521.0, 497.0, 539.0, 552.0, 552.0, 612.0, 643.0, 443.0, 408.0, 350.0, 247.0, 277.0, 218.0, 175.0, 142.0, 141.0, 92.0, 79.0, 52.0, 34.0, 49.0, 38.0, 22.0, 29.0, 44.0, 45.0, 33.0, 23.0, 27.0, 37.0, 47.0, 40.0, 34.0, 38.0, 45.0, 40.0, 26.0, 25.0, 39.0, 44.0, 50.0, 57.0, 49.0, 56.0, 35.0, 51.0, 48.0, 46.0, 60.0, 56.0, 40.0, 38.0, 54.0, 52.0, 40.0, 54.0, 54.0, 73.0, 74.0, 79.0, 92.0, 105.0, 178.0, 173.0, 127.0, 115.0, 130.0, 111.0, 95.0, 56.0, 64.0, 95.0, 156.0, 112.0, 72.0, 48.0, 36.0, 20.0, 10.0, 3.0, 0.0, 0.0, 0.0, 0.0, 0.0, 0.0, 0.0, 0.0, 0.0, 0.0, 0.0, 0.0, 0.0, 0.0, 0.0, 0.0, 0.0, 0.0, 0.0, 0.0, 0.0, 0.0, 0.0, 0.0, 0.0, 0.0, 0.0, 0.0, 0.0, 0.0, 0.0, 0.0, 0.0, 0.0, 0.0, 0.0, 0.0, 0.0, 0.0, 0.0, 0.0, 0.0, 0.0, 0.0, 0.0, 0.0, 0.0, 0.0, 0.0, 0.0, 0.0, 0.0, 0.0, 0.0, 0.0, 0.0, 0.0, 0.0, 0.0, 0.0, 0.0, 0.0, 0.0, 0.0, 0.0, 0.0, 0.0, 0.0, 0.0, 0.0, 0.0], "mean_intensity": 97.897025, "std_intensity": 24.789815875665052, "face_area": 40000, "edge_density": 0.0, "symmetry_score": 74.85395, "local_binary_pattern": [903, 0, 91, 82, 0, 1, 74, 183, 129, 73, 9, 557, 1, 1, 1, 2266, 106, 0, 6, 2, 58, 0, 371, 1042, 80, 17, 4, 27, 17, 4, 29, 1940, 0, 0, 2, 0, 1, 0, 2, 2, 84, 222, 3, 2250, 2, 1, 8, 1221, 2, 0, 0, 0, 1, 0, 9, 4, 23, 12, 1, 14, 4, 5, 20, 620, 93, 1, 67, 17, 2, 0, 13, 10, 6, 6, 3, 33, 0, 0, 2, 14, 9, 2, 3, 0, 2, 0, 24, 20, 4, 0, 0, 5, 0, 0, 1, 30, 67, 1, 25, 2, 1, 0, 3, 3, 423, 1047, 37, 2234, 9, 0, 10, 658, 2, 0, 0, 0, 8, 0, 12, 3, 31, 13, 1, 31, 18, 5, 43, 505, 1, 2, 1, 4, 0, 0, 1, 1, 1, 1, 0, 9, 0, 0, 0, 3, 56, 1, 2, 8, 140, 0, 1011, 725, 22, 4, 1, 12, 8, 3, 7, 484, 0, 0, 0, 0, 0, 0, 0, 0, 1, 1, 0, 7, 0, 0, 0, 4, 0, 0, 0, 0, 1, 0, 5, 1, 1, 3, 0, 0, 5, 8, 4, 319, 57, 3, 11, 6, 0, 0, 2, 2, 1, 4, 0, 10, 0, 0, 0, 6, 375, 16, 17, 10, 1016, 5, 1649, 489, 28, 15, 0, 40, 13, 1, 21, 385, 233, 0, 12, 6, 2, 0, 3, 8, 1682, 906, 10, 524, 4, 3, 5, 353, 1883, 2, 9, 4, 746, 5, 444, 283, 2530, 545, 34, 418, 445, 268, 343, 3094], "gabor_features": 43.059675, "facial_landmarks": 97.897025, "texture_features": [0.0, 0.0, 0.0, 0.0, 0.0, 0.0, 0.0, 0.0, 0.0, 1930.0, 150.0, 0.0, 0.0, 0.0, 0.0, 0.0, 0.0, 147.0, 15923.0, 741.0, 0.0, 0.0, 0.0, 0.0, 0.0, 0.0, 877.0, 16351.0, 2.0, 0.0, 0.0, 0.0, 0.0, 0.0, 0.0, 150.0, 1192.0, 6.0, 0.0, 0.0, 0.0, 0.0, 0.0, 0.0, 119.0, 2013.0, 0.0, 0.0, 0.0, 0.0, 0.0, 0.0, 0.0, 0.0, 0.0, 0.0, 0.0, 0.0, 0.0, 0.0, 0.0, 0.0, 0.0, 0.0]}}